n,training_time
1,1.001596450805664
2,0.9243488311767578
3,1.0046958923339844
4,1.0085105895996094
5,1.009225845336914
6,0.0
7,1.0302066802978516
8,0.9961128234863281
9,0.9989738464355469
10,0.0
11,0.0
12,0.9996891021728516
13,1.0378360748291016
14,0.9934902191162109
15,0.9951591491699219
16,0.0
17,0.9715557098388672
18,0.0
19,0.9191036224365234
20,0.0
21,0.9877681732177734
22,1.0085105895996094
23,1.0111331939697266
24,1.0073184967041016
25,0.9953975677490234
26,2.0978450775146484
27,1.0037422180175781
28,1.0502338409423828
29,0.9667873382568359
30,1.9826889038085938
31,2.043485641479492
32,1.0902881622314453
33,1.0824203491210938
34,2.009868621826172
35,0.0
36,1.0080337524414062
37,0.8826255798339844
38,2.0813941955566406
39,1.9922256469726562
40,1.018524169921875
41,2.0003318786621094
42,1.0008811950683594
43,1.0704994201660156
44,1.0225772857666016
45,2.108335494995117
46,2.0186901092529297
47,2.0112991333007812
48,2.0024776458740234
49,0.9999275207519531
50,1.9981861114501953
51,1.0001659393310547
52,0.9911060333251953
53,1.0404586791992188
54,1.9440650939941406
55,0.9303092956542969
56,1.932382583618164
57,2.0110607147216797
58,1.008749008178711
59,1.9371509552001953
60,0.9620189666748047
61,1.0669231414794922
62,1.0271072387695312
63,1.051187515258789
64,0.9839534759521484
65,0.96893310546875
66,0.9846687316894531
67,2.958536148071289
68,0.9686946868896484
69,0.9891986846923828
70,0.988006591796875
71,1.0116100311279297
72,1.9752979278564453
73,1.0759830474853516
74,0.9901523590087891
75,1.8754005432128906
76,1.0662078857421875
77,0.9214878082275391
78,2.071857452392578
79,0.9946823120117188
80,0.9903907775878906
81,1.001596450805664
82,1.0514259338378906
83,1.0797977447509766
84,0.9903907775878906
85,2.0208358764648438
86,1.0008811950683594
87,0.9646415710449219
88,0.9980201721191406
89,1.0001659393310547
90,1.0082721710205078
91,1.0006427764892578
92,1.0199546813964844
93,1.0006427764892578
94,1.0149478912353516
95,2.9959678649902344
96,2.011537551879883
97,2.000093460083008
98,1.983642578125
99,1.9924640655517578
100,1.9989013671875
101,1.9991397857666016
102,2.0012855529785156
103,3.003835678100586
104,1.001119613647461
105,1.0006427764892578
106,1.0061264038085938
107,2.001523971557617
108,1.0018348693847656
109,2.0203590393066406
110,1.0106563568115234
111,2.0186901092529297
112,1.0008811950683594
113,2.505064010620117
114,2.0062923431396484
115,2.0079612731933594
116,1.0030269622802734
117,2.0024776458740234
118,1.0018348693847656
119,2.020120620727539
120,1.9924640655517578
121,2.9845237731933594
122,3.000974655151367
123,2.927541732788086
124,1.0046958923339844
125,1.0020732879638672
126,2.0008087158203125
127,1.0008811950683594
128,1.9180774688720703
129,2.9404163360595703
130,3.011465072631836
131,2.0618438720703125
132,3.011941909790039
133,1.9459724426269531
134,0.9965896606445312
135,3.981351852416992
136,2.0384788513183594
137,1.0170936584472656
138,2.032756805419922
139,2.033710479736328
140,2.967357635498047
141,1.9314289093017578
142,1.0249614715576172
143,1.9443035125732422
144,2.007722854614258
145,1.9979476928710938
146,1.9326210021972656
147,3.519296646118164
148,3.9908885955810547
149,0.9961128234863281
150,1.9881725311279297
151,3.0722618103027344
152,3.9272308349609375
153,1.9927024841308594
154,1.9452571868896484
155,2.0563602447509766
156,1.9555091857910156
157,1.058816909790039
158,1.0218620300292969
159,2.0029544830322266
160,1.9931793212890625
161,1.9321441650390625
162,2.0110607147216797
163,2.9783248901367188
164,3.0019283294677734
165,1.001119613647461
166,3.0007362365722656
167,2.001523971557617
168,1.0001659393310547
169,2.0003318786621094
170,2.9981136322021484
171,1.992940902709961
172,4.014492034912109
173,3.0007362365722656
174,1.514434814453125
175,3.0336380004882812
176,3.988504409790039
177,2.0012855529785156
178,1.0013580322265625
179,1.9989013671875
180,3.000020980834961
181,1.9996166229248047
182,3.000497817993164
183,1.966238021850586
184,2.000093460083008
185,2.0165443420410156
186,2.9969215393066406
187,2.0020008087158203
188,3.000974655151367
189,1.9707679748535156
190,2.001047134399414
191,1.0001659393310547
192,0.9887218475341797
193,2.98309326171875
194,2.0003318786621094
195,2.9883384704589844
196,3.0012130737304688
197,3.0002593994140625
198,3.0012130737304688
199,2.0105838775634766
200,3.977537155151367
201,2.0020008087158203
202,2.998828887939453
203,2.999544143676758
204,2.9714107513427734
205,3.9997100830078125
206,2.0008087158203125
207,2.003192901611328
208,4.00233268737793
209,3.997325897216797
210,2.0036697387695312
211,1.9898414611816406
212,2.002239227294922
213,3.015756607055664
214,2.000093460083008
215,3.0002593994140625
216,4.014730453491211
217,3.0100345611572266
218,3.025054931640625
219,3.0236244201660156
220,3.9861202239990234
221,3.0012130737304688
222,2.001523971557617
223,2.002239227294922
224,3.9861202239990234
225,3.000020980834961
226,3.027200698852539
227,2.079486846923828
228,1.9838809967041016
229,3.075838088989258
230,2.0647048950195312
231,3.9043426513671875
232,2.000570297241211
233,3.9992332458496094
234,4.002094268798828
235,3.5161972045898438
236,4.005908966064453
237,3.1197071075439453
238,2.0012855529785156
239,3.999948501586914
240,1.9879341125488281
241,3.011465072631836
242,3.019571304321289
243,3.0095577239990234
244,2.000570297241211
245,3.997802734375
246,3.001689910888672
247,3.9997100830078125
248,7.014751434326172
249,4.001140594482422
250,4.00090217590332
251,3.499269485473633
252,3.0019283294677734
253,4.511117935180664
254,3.988504409790039
255,5.0029754638671875
256,2.9692649841308594
257,4.003047943115234
258,3.963470458984375
259,2.984762191772461
260,4.478693008422852
261,3.0002593994140625
262,3.9992332458496094
263,4.000663757324219
264,3.000974655151367
265,4.001140594482422
266,3.0052661895751953
267,5.001544952392578
268,3.0002593994140625
269,2.002239227294922
270,4.000425338745117
271,3.9806365966796875
272,4.740715026855469
273,4.000663757324219
274,4.014015197753906
275,3.5071372985839844
276,3.0014514923095703
277,4.03141975402832
278,3.9997100830078125
279,3.000020980834961
280,2.9997825622558594
281,2.9973983764648438
282,3.009319305419922
283,4.10008430480957
284,3.937959671020508
285,3.9420127868652344
286,5.002021789550781
287,4.072427749633789
288,4.007101058959961
289,4.04047966003418
290,4.997968673706055
291,2.989530563354492
292,3.9403438568115234
293,3.080606460571289
294,4.0264129638671875
295,2.9823780059814453
296,4.999637603759766
297,3.0057430267333984
298,6.000995635986328
299,3.000974655151367
300,5.004405975341797
301,3.000974655151367
302,3.0002593994140625
303,4.000186920166016
304,5.000829696655273
305,4.507541656494141
306,4.005908966064453
307,5.002021789550781
308,4.001379013061523
309,8.00180435180664
310,8.031606674194336
311,8.12840461730957
312,5.330562591552734
313,2.934694290161133
314,4.0740966796875
315,3.981351852416992
316,4.976749420166016
317,3.986358642578125
318,6.019353866577148
319,4.525661468505859
320,3.006458282470703
321,5.001068115234375
322,4.001855850219727
323,5.199670791625977
324,4.530668258666992
325,6.004571914672852
326,6.664037704467773
327,5.045175552368164
328,3.9730072021484375
329,3.007650375366211
330,3.9992332458496094
331,4.62651252746582
332,3.966808319091797
333,4.006147384643555
334,4.999637603759766
335,4.0416717529296875
336,5.999565124511719
337,5.976676940917969
338,4.991769790649414
339,4.538774490356445
340,8.630037307739258
341,6.081581115722656
342,5.059242248535156
343,4.984140396118164
344,6.094694137573242
345,5.030632019042969
346,4.9991607666015625
347,6.935358047485352
348,10.528802871704102
349,5.615234375
350,6.694793701171875
351,4.071712493896484
352,5.573272705078125
353,6.697416305541992
354,7.449626922607422
355,3.948211669921875
356,4.590511322021484
357,5.884647369384766
358,6.667852401733398
359,6.603240966796875
360,4.907846450805664
361,6.003379821777344
362,5.003452301025391
363,4.004001617431641
364,5.526542663574219
365,3.643512725830078
366,4.002809524536133
367,3.997802734375
368,9.236574172973633
369,5.002498626708984
370,5.514860153198242
371,5.001068115234375
372,3.498554229736328
373,6.308555603027344
374,4.69970703125
375,5.584001541137695
376,6.001472473144531
377,5.005359649658203
378,7.54237174987793
379,7.506370544433594
380,4.998922348022461
381,4.514217376708984
382,3.999948501586914
383,7.53021240234375
384,5.52058219909668
385,6.458282470703125
386,5.568504333496094
387,4.065513610839844
388,6.023883819580078
389,4.509210586547852
390,4.9381256103515625
391,5.034208297729492
392,5.543231964111328
393,6.595134735107422
394,6.560802459716797
395,5.503416061401367
396,6.536960601806641
397,6.617546081542969
398,5.5999755859375
399,5.618572235107422
400,4.67991828918457
401,4.524469375610352
402,6.495475769042969
403,5.001068115234375
404,7.5359344482421875
405,4.002809524536133
406,5.621910095214844
407,10.537385940551758
408,5.003213882446289
409,7.51185417175293
410,5.980491638183594
411,3.9975643157958984
412,6.547451019287109
413,6.562232971191406
414,6.021976470947266
415,5.992889404296875
416,6.008148193359375
417,5.511760711669922
418,8.710622787475586
419,6.533622741699219
420,10.555267333984375
421,8.516788482666016
422,6.522893905639648
423,6.003379821777344
424,6.515026092529297
425,5.522966384887695
426,6.61778450012207
427,9.537458419799805
428,14.05477523803711
429,7.508277893066406
430,5.00035285949707
431,10.531425476074219
432,5.931615829467773
433,5.008220672607422
434,6.077766418457031
435,6.755590438842773
436,6.012439727783203
437,6.635427474975586
438,5.738496780395508
439,4.636049270629883
440,5.492210388183594
441,6.081342697143555
442,6.073713302612305
443,4.6176910400390625
444,5.523443222045898
445,6.536245346069336
446,6.513357162475586
447,5.999326705932617
448,10.590791702270508
449,9.538650512695312
450,6.571531295776367
451,7.024526596069336
452,6.504535675048828
453,6.579875946044922
454,8.53109359741211
455,6.671428680419922
456,9.620904922485352
457,6.043672561645508
458,7.06791877746582
459,7.629871368408203
460,8.678674697875977
461,12.248992919921875
462,7.389068603515625
463,9.500741958618164
464,6.0405731201171875
465,7.009267807006836
466,7.513999938964844
467,7.516384124755859
468,5.000829696655273
469,11.598825454711914
470,7.080554962158203
471,4.023551940917969
472,5.023479461669922
473,9.893417358398438
474,6.079912185668945
475,6.010532379150391
476,7.871389389038086
477,6.054162979125977
478,5.566120147705078
479,7.573843002319336
480,8.013010025024414
481,7.294416427612305
482,4.08625602722168
483,6.562232971191406
484,7.51042366027832
485,4.011631011962891
486,7.542133331298828
487,5.905866622924805
488,5.000114440917969
489,6.003856658935547
490,4.987478256225586
491,4.98509407043457
492,6.131887435913086
493,8.515357971191406
494,5.99980354309082
495,6.633758544921875
496,7.51805305480957
497,6.5135955810546875
498,5.179882049560547
499,6.520748138427734
500,5.641698837280273
501,7.5931549072265625
502,3.986835479736328
503,7.057905197143555
504,5.568265914916992
505,6.5326690673828125
506,5.516529083251953
507,5.522012710571289
508,6.554841995239258
509,4.55164909362793
510,6.995916366577148
511,8.282899856567383
512,5.915403366088867
513,5.596637725830078
514,5.014896392822266
515,5.603313446044922
516,6.680727005004883
517,7.648944854736328
518,5.994558334350586
519,6.491184234619141
520,5.703449249267578
521,7.711887359619141
522,5.579710006713867
523,6.011724472045898
524,5.538225173950195
525,8.312463760375977
526,6.557464599609375
527,6.586551666259766
528,5.634546279907227
529,7.661104202270508
530,6.658792495727539
531,7.620573043823242
532,5.992889404296875
533,7.068634033203125
534,6.613492965698242
535,6.242275238037109
536,6.510019302368164
537,6.510734558105469
538,6.608009338378906
539,7.515192031860352
540,5.995512008666992
541,7.565736770629883
542,7.535457611083984
543,6.605386734008789
544,5.576372146606445
545,6.551980972290039
546,5.56182861328125
547,8.653402328491211
548,6.773471832275391
549,7.632970809936523
550,5.003690719604492
551,7.626771926879883
552,6.9217681884765625
553,6.001710891723633
554,6.340742111206055
555,7.652044296264648
556,6.001710891723633
557,7.080554962158203
558,6.519794464111328
559,8.20302963256836
560,6.008625030517578
561,7.0171356201171875
562,7.06934928894043
563,6.585121154785156
564,7.5130462646484375
565,6.548643112182617
566,6.5135955810546875
567,7.03120231628418
568,6.972312927246094
569,7.51805305480957
570,6.5059661865234375
571,7.534265518188477
572,6.964445114135742
573,7.649421691894531
574,7.582426071166992
575,7.717609405517578
576,6.460666656494141
577,7.585048675537109
578,6.4067840576171875
579,6.524801254272461
580,5.925893783569336
581,5.993843078613281
582,6.521940231323242
583,9.27114486694336
584,10.941267013549805
585,8.692502975463867
586,11.631965637207031
587,6.3610076904296875
588,7.555961608886719
589,6.514310836791992
590,7.513999938964844
591,8.493900299072266
592,5.003690719604492
593,5.634784698486328
594,6.750822067260742
595,7.54547119140625
596,7.555961608886719
597,8.034467697143555
598,8.201360702514648
599,6.810426712036133
600,6.348848342895508
601,8.006095886230469
602,8.590459823608398
603,8.09621810913086
604,5.650997161865234
605,12.518882751464844
606,6.502389907836914
607,5.698204040527344
608,6.0024261474609375
609,6.57343864440918
610,6.705045700073242
611,8.610725402832031
612,5.920648574829102
613,8.508443832397461
614,10.532855987548828
615,7.596254348754883
616,5.608558654785156
617,5.534887313842773
618,5.637168884277344
619,7.011651992797852
620,8.200883865356445
621,8.571386337280273
622,6.606817245483398
623,6.601095199584961
624,7.965564727783203
625,6.994485855102539
626,7.598876953125
627,8.049488067626953
628,7.522106170654297
629,7.003068923950195
630,7.516384124755859
631,7.606029510498047
632,6.054162979125977
633,7.033586502075195
634,9.554386138916016
635,7.509946823120117
636,5.003213882446289
637,7.714033126831055
638,7.509469985961914
639,6.040811538696289
640,7.503747940063477
641,6.760120391845703
642,8.072853088378906
643,6.50477409362793
644,7.291555404663086
645,10.508298873901367
646,10.248422622680664
647,6.062030792236328
648,8.20469856262207
649,8.05044174194336
650,7.610559463500977
651,6.702661514282227
652,6.287097930908203
653,8.516311645507812
654,6.647348403930664
655,7.2002410888671875
656,8.031606674194336
657,8.47935676574707
658,8.596658706665039
659,6.083250045776367
660,6.644964218139648
661,7.678985595703125
662,6.5212249755859375
663,7.637262344360352
664,6.470203399658203
665,5.510568618774414
666,7.063627243041992
667,6.65736198425293
668,7.658958435058594
669,8.145332336425781
670,10.167121887207031
671,8.693933486938477
672,7.6770782470703125
673,7.000207901000977
674,8.508443832397461
675,7.0438385009765625
676,7.067441940307617
677,7.987737655639648
678,7.547616958618164
679,6.764888763427734
680,7.498502731323242
681,8.578777313232422
682,9.579896926879883
683,6.5898895263671875
684,7.340431213378906
685,6.507635116577148
686,7.504701614379883
687,7.664680480957031
688,7.152080535888672
689,8.594036102294922
690,8.738994598388672
691,7.506847381591797
692,7.532835006713867
693,11.623859405517578
694,6.5441131591796875
695,8.074045181274414
696,6.639719009399414
697,6.004095077514648
698,7.51948356628418
699,8.559703826904297
700,8.700370788574219
701,7.547140121459961
702,8.708477020263672
703,7.003307342529297
704,7.703304290771484
705,8.573055267333984
706,8.00776481628418
707,9.61756706237793
708,16.098976135253906
709,9.512662887573242
710,8.013486862182617
711,7.595300674438477
712,8.51893424987793
713,9.528636932373047
714,11.063814163208008
715,7.99250602722168
716,8.664131164550781
717,6.935358047485352
718,8.090972900390625
719,12.584209442138672
720,6.99305534362793
721,7.666587829589844
722,6.999492645263672
723,12.531280517578125
724,7.507085800170898
725,7.55000114440918
726,7.327079772949219
727,7.509469985961914
728,9.050846099853516
729,7.539510726928711
730,8.527040481567383
731,11.141538619995117
732,6.997585296630859
733,9.564638137817383
734,10.563850402832031
735,8.53729248046875
736,13.1378173828125
737,7.64775276184082
738,7.926702499389648
739,10.513544082641602
740,6.660938262939453
741,8.60142707824707
742,10.532855987548828
743,7.602453231811523
744,11.585474014282227
745,12.984037399291992
746,9.292364120483398
747,8.616924285888672
748,7.63702392578125
749,8.293390274047852
750,9.565114974975586
751,7.557392120361328
752,8.67462158203125
753,11.656045913696289
754,12.583255767822266
755,9.659290313720703
756,8.281230926513672
757,7.584810256958008
758,7.3184967041015625
759,16.00956916809082
760,9.61160659790039
761,10.545015335083008
762,8.280038833618164
763,8.644819259643555
764,9.680032730102539
765,8.58926773071289
766,7.56072998046875
767,7.636547088623047
768,16.36338233947754
769,14.151573181152344
770,9.682178497314453
771,16.622304916381836
772,12.458324432373047
773,9.544134140014648
774,14.835119247436523
775,40.0700569152832
776,30.56931495666504
777,23.400068283081055
778,16.481876373291016
779,10.683059692382812
780,10.623455047607422
781,13.116598129272461
782,9.57489013671875
783,17.986774444580078
784,18.210411071777344
785,13.333320617675781
786,9.594440460205078
787,17.18449592590332
788,9.772062301635742
789,11.444807052612305
790,19.23203468322754
791,11.581897735595703
792,8.678197860717773
793,16.079187393188477
794,12.69841194152832
795,9.593009948730469
796,11.808395385742188
797,9.685993194580078
798,12.293815612792969
799,9.686708450317383
800,18.07093620300293
801,13.036251068115234
802,18.126726150512695
803,12.500524520874023
804,9.507894515991211
805,9.560823440551758
806,8.287429809570312
807,9.519577026367188
808,10.515689849853516
809,11.09004020690918
810,9.536266326904297
811,8.52203369140625
812,11.720657348632812
813,11.735677719116211
814,7.628917694091797
815,26.58700942993164
816,11.239290237426758
817,8.091211318969727
818,10.51020622253418
819,15.195131301879883
820,9.021282196044922
821,10.475635528564453
822,12.088298797607422
823,11.115789413452148
824,10.65373420715332
825,11.607646942138672
826,8.636236190795898
827,7.7800750732421875
828,9.577751159667969
829,13.71145248413086
830,13.60774040222168
831,11.546611785888672
832,14.522075653076172
833,9.582281112670898
834,14.351844787597656
835,11.539697647094727
836,7.964134216308594
837,18.834352493286133
838,11.661291122436523
839,9.439229965209961
840,15.318870544433594
841,10.338068008422852
842,12.668848037719727
843,16.414165496826172
844,10.593175888061523
845,9.636402130126953
846,9.690523147583008
847,9.612560272216797
848,12.069940567016602
849,12.701988220214844
850,10.241031646728516
851,10.657310485839844
852,18.27549934387207
853,23.708820343017578
854,8.94308090209961
855,9.548664093017578
856,9.577512741088867
857,14.207124710083008
858,10.619163513183594
859,13.479232788085938
860,8.93712043762207
861,10.460376739501953
862,15.125513076782227
863,8.677005767822266
864,12.428998947143555
865,8.571386337280273
866,10.646820068359375
867,15.983343124389648
868,10.570764541625977
869,12.972831726074219
870,18.23902130126953
871,12.247800827026367
872,12.413978576660156
873,13.448476791381836
874,12.582540512084961
875,7.510185241699219
876,9.710073471069336
877,10.57124137878418
878,10.46442985534668
879,9.554386138916016
880,14.551639556884766
881,11.526107788085938
882,13.54670524597168
883,13.597965240478516
884,8.987665176391602
885,8.531570434570312
886,10.41865348815918
887,11.546134948730469
888,9.789228439331055
889,11.74163818359375
890,18.037796020507812
891,15.570640563964844
892,10.650157928466797
893,9.715080261230469
894,14.661073684692383
895,8.597850799560547
896,11.057376861572266
897,15.095233917236328
898,20.592212677001953
899,8.657217025756836
900,9.607791900634766
901,13.633489608764648
902,15.205144882202148
903,15.215873718261719
904,16.81804656982422
905,19.312620162963867
906,14.24407958984375
907,9.650945663452148
908,8.923768997192383
909,15.207052230834961
910,11.019468307495117
911,10.663032531738281
912,14.247655868530273
913,10.60342788696289
914,12.537479400634766
915,11.266231536865234
916,9.546995162963867
917,13.544082641601562
918,8.510828018188477
919,12.582063674926758
920,15.55323600769043
921,17.071008682250977
922,11.545658111572266
923,9.471416473388672
924,16.019344329833984
925,11.557817459106445
926,15.795230865478516
927,11.521577835083008
928,9.663581848144531
929,9.655237197875977
930,9.449005126953125
931,16.57843589782715
932,11.94310188293457
933,9.501457214355469
934,11.516332626342773
935,10.46299934387207
936,13.04316520690918
937,16.03078842163086
938,13.715982437133789
939,14.214277267456055
940,16.29018783569336
941,14.205217361450195
942,13.020038604736328
943,9.644269943237305
944,10.526895523071289
945,11.536836624145508
946,20.70784568786621
947,10.542869567871094
948,12.552022933959961
949,17.83132553100586
950,10.614871978759766
951,9.532451629638672
952,20.5535888671875
953,16.057729721069336
954,13.60177993774414
955,15.570640563964844
956,14.141321182250977
957,16.057252883911133
958,10.516643524169922
959,16.354799270629883
960,9.96708869934082
961,12.6190185546875
962,14.249801635742188
963,18.619775772094727
964,12.78829574584961
965,20.025014877319336
966,12.631893157958984
967,14.923572540283203
968,12.646913528442383
969,15.774250030517578
970,17.06671714782715
971,12.586355209350586
972,20.076751708984375
973,13.232231140136719
974,14.61648941040039
975,10.584115982055664
976,12.063264846801758
977,9.662389755249023
978,13.61393928527832
979,12.94255256652832
980,15.32125473022461
981,11.806011199951172
982,11.571645736694336
983,11.636018753051758
984,13.567447662353516
985,12.594461441040039
986,18.06020736694336
987,11.569023132324219
988,9.66501235961914
989,11.761188507080078
990,10.604143142700195
991,14.731645584106445
992,19.05679702758789
993,10.50424575805664
994,15.503168106079102
995,14.496803283691406
996,9.50169563293457
997,21.6677188873291
998,10.514259338378906
999,17.190217971801758
1000,16.071557998657227
1001,11.544942855834961
1002,10.018110275268555
1003,12.144088745117188
1004,13.53144645690918
1005,19.577980041503906
1006,13.330698013305664
1007,13.679742813110352
1008,14.539241790771484
1009,11.096715927124023
1010,11.5814208984375
1011,15.244007110595703
1012,9.56583023071289
1013,10.178804397583008
1014,9.647130966186523
1015,13.166189193725586
1016,14.05024528503418
1017,11.133193969726562
1018,10.484695434570312
1019,10.517120361328125
1020,10.542631149291992
1021,21.94976806640625
1022,12.227296829223633
1023,12.61758804321289
1024,15.245914459228516
1025,14.273643493652344
1026,11.686563491821289
1027,11.515378952026367
1028,13.824939727783203
1029,15.746831893920898
1030,18.4173583984375
1031,14.374494552612305
1032,18.02802085876465
1033,10.663509368896484
1034,20.12801170349121
1035,15.256881713867188
1036,15.611886978149414
1037,18.81241798400879
1038,11.672496795654297
1039,9.640693664550781
1040,16.168594360351562
1041,11.597394943237305
1042,13.643026351928711
1043,25.50196647644043
1044,20.214319229125977
1045,11.576414108276367
1046,12.656211853027344
1047,12.190580368041992
1048,21.65532112121582
1049,12.566804885864258
1050,12.841463088989258
1051,15.62952995300293
1052,11.618375778198242
1053,19.182682037353516
1054,13.945579528808594
1055,14.616727828979492
1056,21.036386489868164
1057,10.61248779296875
1058,9.645938873291016
1059,14.228582382202148
1060,16.01719856262207
1061,10.530233383178711
1062,15.233278274536133
1063,11.583805084228516
1064,11.671304702758789
1065,11.071443557739258
1066,14.93382453918457
1067,13.527154922485352
1068,16.098737716674805
1069,12.09402084350586
1070,13.298273086547852
1071,10.574579238891602
1072,14.980554580688477
1073,11.548042297363281
1074,13.226747512817383
1075,11.586427688598633
1076,14.047622680664062
1077,13.514041900634766
1078,15.916824340820312
1079,9.58395004272461
1080,13.037443161010742
1081,17.02570915222168
1082,11.521339416503906
1083,12.532472610473633
1084,14.121294021606445
1085,12.047529220581055
1086,11.69586181640625
1087,11.580467224121094
1088,12.679100036621094
1089,11.591434478759766
1090,11.51728630065918
1091,10.62154769897461
1092,12.527704238891602
1093,15.483856201171875
1094,13.677120208740234
1095,12.02702522277832
1096,14.053821563720703
1097,17.87114143371582
1098,11.534452438354492
1099,11.65318489074707
1100,12.653589248657227
1101,12.660503387451172
1102,11.57379150390625
1103,11.584281921386719
1104,10.6658935546875
1105,12.513875961303711
1106,10.529756546020508
1107,14.024496078491211
1108,9.518623352050781
1109,13.544559478759766
1110,11.952638626098633
1111,11.695384979248047
1112,12.831687927246094
1113,15.171527862548828
1114,16.10398292541504
1115,10.759353637695312
1116,13.3514404296875
1117,17.49587059020996
1118,13.754844665527344
1119,11.572122573852539
1120,12.685060501098633
1121,11.633634567260742
1122,18.295764923095703
1123,14.583587646484375
1124,13.233661651611328
1125,11.67750358581543
1126,15.793561935424805
1127,13.03720474243164
1128,13.525247573852539
1129,14.512777328491211
1130,10.51950454711914
1131,10.514497756958008
1132,11.613130569458008
1133,12.513875961303711
1134,10.484933853149414
1135,13.546228408813477
1136,16.36958122253418
1137,17.46082305908203
1138,12.524843215942383
1139,13.509750366210938
1140,11.548042297363281
1141,24.101734161376953
1142,11.505126953125
1143,15.078544616699219
1144,14.542102813720703
1145,14.553070068359375
1146,13.064861297607422
1147,15.289306640625
1148,14.51563835144043
1149,12.064695358276367
1150,14.511346817016602
1151,11.510610580444336
1152,11.484861373901367
1153,14.07480239868164
1154,11.050939559936523
1155,15.05136489868164
1156,11.6729736328125
1157,12.59469985961914
1158,12.638330459594727
1159,14.760255813598633
1160,15.514373779296875
1161,12.62354850769043
1162,17.219066619873047
1163,13.658285140991211
1164,11.69896125793457
1165,16.105175018310547
1166,13.026952743530273
1167,13.116836547851562
1168,14.629364013671875
1169,13.823509216308594
1170,13.098955154418945
1171,17.542362213134766
1172,13.57412338256836
1173,13.986825942993164
1174,15.009880065917969
1175,12.526512145996094
1176,15.132427215576172
1177,12.65716552734375
1178,14.254570007324219
1179,12.654781341552734
1180,15.523910522460938
1181,13.262510299682617
1182,12.93635368347168
1183,13.272523880004883
1184,13.20648193359375
1185,14.316558837890625
1186,13.216972351074219
1187,12.604951858520508
1188,13.26441764831543
1189,14.646053314208984
1190,13.863801956176758
1191,13.576269149780273
1192,14.831781387329102
1193,11.712074279785156
1194,16.811132431030273
1195,12.356042861938477
1196,16.657352447509766
1197,12.552499771118164
1198,11.646270751953125
1199,14.307260513305664
1200,12.285709381103516
1201,17.015933990478516
1202,11.283159255981445
1203,13.22627067565918
1204,15.603780746459961
1205,14.24407958984375
1206,12.540578842163086
1207,13.51475715637207
1208,11.601924896240234
1209,14.613866806030273
1210,18.22805404663086
1211,13.493061065673828
1212,14.61029052734375
1213,12.046575546264648
1214,15.634536743164062
1215,12.623310089111328
1216,14.248371124267578
1217,15.725851058959961
1218,13.639211654663086
1219,13.260364532470703
1220,15.619993209838867
1221,16.04604721069336
1222,16.52383804321289
1223,12.615442276000977
1224,11.523962020874023
1225,15.3961181640625
1226,13.065814971923828
1227,16.438961029052734
1228,12.680768966674805
1229,12.663602828979492
1230,13.122081756591797
1231,11.658191680908203
1232,14.521598815917969
1233,14.14799690246582
1234,13.684511184692383
1235,14.264345169067383
1236,17.922401428222656
1237,13.679027557373047
1238,14.896392822265625
1239,17.090559005737305
1240,14.53089714050293
1241,16.176462173461914
1242,14.731407165527344
1243,14.032602310180664
1244,14.046907424926758
1245,15.096902847290039
1246,13.46731185913086
1247,14.402151107788086
1248,15.13218879699707
1249,12.464284896850586
1250,12.18867301940918
1251,11.252641677856445
1252,15.203475952148438
1253,13.589143753051758
1254,14.286518096923828
1255,12.54892349243164
1256,18.336772918701172
1257,18.269062042236328
1258,13.707637786865234
1259,10.616540908813477
1260,14.63937759399414
1261,13.813257217407227
1262,12.550592422485352
1263,13.540983200073242
1264,16.1898136138916
1265,16.05534553527832
1266,13.18812370300293
1267,12.515783309936523
1268,11.522769927978516
1269,14.124393463134766
1270,12.512445449829102
1271,13.510465621948242
1272,15.274763107299805
1273,14.037370681762695
1274,13.573646545410156
1275,13.637065887451172
1276,12.396097183227539
1277,18.83554458618164
1278,18.14889907836914
1279,12.747764587402344
1280,13.689041137695312
1281,19.777536392211914
1282,19.024372100830078
1283,46.80299758911133
1284,14.29128646850586
1285,14.521121978759766
1286,18.5089111328125
1287,16.073942184448242
1288,13.722658157348633
1289,12.677192687988281
1290,13.191699981689453
1291,14.162540435791016
1292,18.66292953491211
1293,16.56627655029297
1294,16.939640045166016
1295,14.598846435546875
1296,14.511346817016602
1297,27.65345573425293
1298,14.539957046508789
1299,14.548778533935547
1300,15.049219131469727
1301,13.071060180664062
1302,13.028383255004883
1303,14.52946662902832
1304,26.04842185974121
1305,16.115665435791016
1306,16.413211822509766
1307,11.730432510375977
1308,12.665271759033203
1309,16.7086124420166
1310,15.042304992675781
1311,22.959232330322266
1312,20.82228660583496
1313,12.322425842285156
1314,12.646675109863281
1315,15.376091003417969
1316,16.43991470336914
1317,15.604972839355469
1318,10.657787322998047
1319,12.631893157958984
1320,10.644674301147461
1321,13.19575309753418
1322,18.244028091430664
1323,11.480569839477539
1324,17.328739166259766
1325,13.456106185913086
1326,13.792991638183594
1327,20.180702209472656
1328,13.520479202270508
1329,12.635469436645508
1330,15.161275863647461
1331,12.609720230102539
1332,12.727975845336914
1333,14.176130294799805
1334,15.15340805053711
1335,14.16921615600586
1336,12.64047622680664
1337,13.054847717285156
1338,12.932062149047852
1339,16.3271427154541
1340,14.137983322143555
1341,15.171527862548828
1342,11.370182037353516
1343,16.587018966674805
1344,14.406442642211914
1345,15.998125076293945
1346,13.114690780639648
1347,12.35818862915039
1348,19.334793090820312
1349,13.613700866699219
1350,16.024112701416016
1351,12.144804000854492
1352,25.294065475463867
1353,13.579368591308594
1354,22.531509399414062
1355,15.172719955444336
1356,13.0462646484375
1357,13.514995574951172
1358,13.09657096862793
1359,12.663125991821289
1360,23.036479949951172
1361,14.368057250976562
1362,14.961719512939453
1363,16.8607234954834
1364,19.928693771362305
1365,13.336658477783203
1366,14.582157135009766
1367,14.064788818359375
1368,14.033794403076172
1369,13.986587524414062
1370,13.509035110473633
1371,17.251253128051758
1372,27.66895294189453
1373,16.134977340698242
1374,16.076087951660156
1375,20.682573318481445
1376,12.01772689819336
1377,12.87221908569336
1378,15.522241592407227
1379,14.120101928710938
1380,13.242959976196289
1381,14.25623893737793
1382,11.626958847045898
1383,11.644840240478516
1384,11.34800910949707
1385,12.523412704467773
1386,16.520977020263672
1387,15.200138092041016
1388,13.523578643798828
1389,16.302108764648438
1390,14.528989791870117
1391,12.046337127685547
1392,17.64678955078125
1393,13.525724411010742
1394,13.033390045166016
1395,14.191627502441406
1396,12.522220611572266
1397,22.071361541748047
1398,14.629840850830078
1399,12.134313583374023
1400,11.508941650390625
1401,15.42520523071289
1402,19.014835357666016
1403,12.109041213989258
1404,16.047000885009766
1405,13.223886489868164
1406,16.33429527282715
1407,15.569686889648438
1408,14.108419418334961
1409,12.049436569213867
1410,15.107393264770508
1411,15.610218048095703
1412,15.594005584716797
1413,20.972728729248047
1414,13.735771179199219
1415,13.603925704956055
1416,17.306089401245117
1417,13.512134552001953
1418,15.192270278930664
1419,14.968633651733398
1420,13.179540634155273
1421,13.705968856811523
1422,12.508392333984375
1423,14.603614807128906
1424,15.208244323730469
1425,15.033721923828125
1426,15.29836654663086
1427,15.24043083190918
1428,14.324426651000977
1429,21.198272705078125
1430,14.608383178710938
1431,14.862775802612305
1432,14.579296112060547
1433,15.625238418579102
1434,15.230417251586914
1435,14.580011367797852
1436,14.267683029174805
1437,13.234615325927734
1438,14.814376831054688
1439,14.486551284790039
1440,14.216423034667969
1441,16.64447784423828
1442,16.28422737121582
1443,18.25428009033203
1444,13.313055038452148
1445,15.668153762817383
1446,14.245748519897461
1447,13.293027877807617
1448,23.96225929260254
1449,17.666101455688477
1450,14.513015747070312
1451,14.669179916381836
1452,18.83721351623535
1453,32.14573860168457
1454,14.379739761352539
1455,20.109891891479492
1456,24.63674545288086
1457,16.21079444885254
1458,21.08907699584961
1459,14.683008193969727
1460,13.601541519165039
1461,13.687849044799805
1462,15.204191207885742
1463,19.18482780456543
1464,23.606061935424805
1465,14.67132568359375
1466,28.069734573364258
1467,15.628814697265625
1468,12.515783309936523
1469,20.070314407348633
1470,15.215635299682617
1471,13.597965240478516
1472,14.677047729492188
1473,15.276908874511719
1474,23.263931274414062
1475,14.959096908569336
1476,13.262748718261719
1477,16.314983367919922
1478,14.513731002807617
1479,17.500638961791992
1480,15.144109725952148
1481,14.695167541503906
1482,18.030643463134766
1483,16.644716262817383
1484,19.036054611206055
1485,14.405250549316406
1486,13.666152954101562
1487,18.662452697753906
1488,13.609886169433594
1489,24.707794189453125
1490,21.67367935180664
1491,17.25625991821289
1492,28.693437576293945
1493,17.215490341186523
1494,15.601158142089844
1495,17.47870445251465
1496,16.212940216064453
1497,15.31362533569336
1498,15.585899353027344
1499,14.423370361328125
1500,14.024496078491211
1501,14.650344848632812
1502,23.94413948059082
1503,18.810510635375977
1504,30.669689178466797
1505,13.517141342163086
1506,26.05152130126953
1507,14.364957809448242
1508,17.841339111328125
1509,12.626886367797852
1510,13.673543930053711
1511,14.038562774658203
1512,15.075206756591797
1513,16.223669052124023
1514,18.063068389892578
1515,13.503074645996094
1516,18.9971923828125
1517,18.630504608154297
1518,16.3421630859375
1519,15.402793884277344
1520,19.047975540161133
1521,15.217065811157227
1522,13.292074203491211
1523,15.653848648071289
1524,16.54338836669922
1525,16.144275665283203
1526,15.048027038574219
1527,14.259815216064453
1528,14.638662338256836
1529,22.238492965698242
1530,18.085002899169922
1531,14.014720916748047
1532,15.629768371582031
1533,13.957977294921875
1534,14.669656753540039
1535,15.294313430786133
1536,15.04969596862793
1537,15.24043083190918
1538,16.079425811767578
1539,15.510797500610352
1540,27.549266815185547
1541,16.51477813720703
1542,14.019489288330078
1543,14.637470245361328
1544,17.325401306152344
1545,14.259099960327148
1546,15.94400405883789
1547,12.523651123046875
1548,13.282537460327148
1549,16.265869140625
1550,15.13528823852539
1551,14.099597930908203
1552,14.649152755737305
1553,15.535831451416016
1554,14.311075210571289
1555,14.510869979858398
1556,15.022754669189453
1557,15.552520751953125
1558,19.53744888305664
1559,18.805742263793945
1560,15.650272369384766
1561,14.510631561279297
1562,16.021013259887695
1563,15.541791915893555
1564,18.19586753845215
1565,16.866445541381836
1566,15.77138900756836
1567,23.30780029296875
1568,19.269227981567383
1569,27.315378189086914
1570,23.400068283081055
1571,25.338172912597656
1572,24.960756301879883
1573,18.047571182250977
1574,17.047405242919922
1575,13.488531112670898
1576,14.480113983154297
1577,17.55547523498535
1578,13.648748397827148
1579,19.051790237426758
1580,30.78484535217285
1581,17.954587936401367
1582,16.895055770874023
1583,17.198562622070312
1584,18.245458602905273
1585,21.219730377197266
1586,19.07491683959961
1587,15.548944473266602
1588,19.224882125854492
1589,26.720046997070312
1590,16.679048538208008
1591,16.313791275024414
1592,16.24298095703125
1593,16.251087188720703
1594,14.600276947021484
1595,16.206979751586914
1596,18.07427406311035
1597,16.359806060791016
1598,19.724369049072266
1599,17.511606216430664
1600,19.759416580200195
1601,15.584707260131836
1602,15.583276748657227
1603,17.347335815429688
1604,16.01243019104004
1605,21.74687385559082
1606,22.933006286621094
1607,16.255617141723633
1608,27.5266170501709
1609,18.2497501373291
1610,34.16800498962402
1611,19.30069923400879
1612,19.067764282226562
1613,25.549888610839844
1614,19.22440528869629
1615,24.385929107666016
1616,20.943164825439453
1617,20.249366760253906
1618,14.281511306762695
1619,15.326976776123047
1620,16.417741775512695
1621,14.575004577636719
1622,17.67873764038086
1623,15.13051986694336
1624,15.43283462524414
1625,18.738985061645508
1626,23.088693618774414
1627,15.689611434936523
1628,16.29161834716797
1629,17.31562614440918
1630,24.45363998413086
1631,25.510787963867188
1632,16.26753807067871
1633,25.75540542602539
1634,16.440868377685547
1635,20.784854888916016
1636,25.722980499267578
1637,19.16670799255371
1638,16.11042022705078
1639,15.66171646118164
1640,16.092300415039062
1641,29.126882553100586
1642,29.109716415405273
1643,26.066303253173828
1644,20.27297019958496
1645,30.84874153137207
1646,20.262956619262695
1647,16.632556915283203
1648,17.114639282226562
1649,17.156362533569336
1650,18.02992820739746
1651,28.145551681518555
1652,17.031192779541016
1653,15.321016311645508
1654,18.04804801940918
1655,15.535831451416016
1656,16.316652297973633
1657,16.55411720275879
1658,15.088319778442383
1659,17.055749893188477
1660,15.731573104858398
1661,19.14048194885254
1662,15.911579132080078
1663,14.592647552490234
1664,14.246225357055664
1665,15.520811080932617
1666,15.665531158447266
1667,18.054723739624023
1668,16.06297492980957
1669,17.019987106323242
1670,17.074108123779297
1671,15.55490493774414
1672,15.645027160644531
1673,16.29638671875
1674,16.720056533813477
1675,18.135786056518555
1676,14.518499374389648
1677,26.851415634155273
1678,19.124507904052734
1679,15.394926071166992
1680,17.182111740112305
1681,16.273975372314453
1682,24.444103240966797
1683,18.11814308166504
1684,17.14015007019043
1685,15.530109405517578
1686,20.5991268157959
1687,16.192913055419922
1688,16.049861907958984
1689,17.65608787536621
1690,18.74566078186035
1691,19.205808639526367
1692,16.238927841186523
1693,19.2568302154541
1694,17.61460304260254
1695,23.075342178344727
1696,20.052433013916016
1697,16.017436981201172
1698,16.55864715576172
1699,19.072532653808594
1700,16.610383987426758
1701,17.57359504699707
1702,16.191482543945312
1703,17.197608947753906
1704,19.16050910949707
1705,19.039630889892578
1706,17.894744873046875
1707,19.054412841796875
1708,16.034364700317383
1709,16.49785041809082
1710,15.511274337768555
1711,15.645265579223633
1712,18.136024475097656
1713,16.88385009765625
1714,15.584707260131836
1715,17.195940017700195
1716,16.09945297241211
1717,16.036272048950195
1718,17.434358596801758
1719,16.263246536254883
1720,16.295194625854492
1721,15.617609024047852
1722,17.51852035522461
1723,30.223608016967773
1724,18.17774772644043
1725,17.271041870117188
1726,16.733407974243164
1727,17.166614532470703
1728,16.419410705566406
1729,16.9980525970459
1730,17.195940017700195
1731,27.8165340423584
1732,18.021106719970703
1733,17.209768295288086
1734,19.768714904785156
1735,15.417814254760742
1736,16.155719757080078
1737,23.702144622802734
1738,22.574186325073242
1739,18.085241317749023
1740,19.118070602416992
1741,20.916223526000977
1742,19.05083656311035
1743,17.24839210510254
1744,20.580291748046875
1745,20.252466201782227
1746,17.202377319335938
1747,33.54597091674805
1748,17.03500747680664
1749,17.609834671020508
1750,19.459247589111328
1751,16.66426658630371
1752,22.058486938476562
1753,17.276525497436523
1754,18.273353576660156
1755,16.237735748291016
1756,25.053977966308594
1757,16.82448387145996
1758,21.22640609741211
1759,17.182588577270508
1760,25.34317970275879
1761,17.19355583190918
1762,21.070480346679688
1763,30.765295028686523
1764,20.200252532958984
1765,17.340421676635742
1766,21.228551864624023
1767,17.10367202758789
1768,22.10092544555664
1769,18.63837242126465
1770,20.075321197509766
1771,17.117738723754883
1772,21.0874080657959
1773,18.102169036865234
1774,21.059036254882812
1775,17.035245895385742
1776,22.052288055419922
1777,24.565458297729492
1778,20.44510841369629
1779,27.905702590942383
1780,18.22686195373535
1781,22.160768508911133
1782,16.514062881469727
1783,21.18849754333496
1784,31.12959861755371
1785,17.312288284301758
1786,33.76412391662598
1787,20.0650691986084
1788,17.184972763061523
1789,17.446279525756836
1790,22.57227897644043
1791,24.636507034301758
1792,20.188331604003906
1793,20.11895179748535
1794,22.012710571289062
1795,15.594005584716797
1796,21.62647247314453
1797,17.03929901123047
1798,18.059968948364258
1799,19.173622131347656
1800,22.63188362121582
1801,20.043611526489258
1802,17.03500747680664
1803,19.186973571777344
1804,22.13740348815918
1805,19.21534538269043
1806,17.11106300354004
1807,20.021915435791016
1808,23.180007934570312
1809,21.66891098022461
1810,17.258405685424805
1811,23.84161949157715
1812,17.735004425048828
1813,16.227245330810547
1814,16.271352767944336
1815,22.257566452026367
1816,16.489744186401367
1817,18.550395965576172
1818,20.86186408996582
1819,18.23902130126953
1820,16.98780059814453
1821,24.59406852722168
1822,19.0579891204834
1823,26.60369873046875
1824,17.016172409057617
1825,16.808271408081055
1826,18.1884765625
1827,16.63494110107422
1828,17.66228675842285
1829,20.10488510131836
1830,22.18794822692871
1831,16.249418258666992
1832,17.25316047668457
1833,20.4775333404541
1834,17.239093780517578
1835,33.097028732299805
1836,17.772674560546875
1837,21.280527114868164
1838,26.418447494506836
1839,20.11847496032715
1840,24.426698684692383
1841,18.03135871887207
1842,22.0489501953125
1843,26.463747024536133
1844,24.992942810058594
1845,17.418622970581055
1846,26.140689849853516
1847,19.82855796813965
1848,23.852825164794922
1849,18.350839614868164
1850,19.098520278930664
1851,26.485681533813477
1852,19.07515525817871
1853,22.81951904296875
1854,22.186994552612305
1855,19.1497802734375
1856,20.197153091430664
1857,17.985105514526367
1858,21.46434783935547
1859,17.41790771484375
1860,22.797346115112305
1861,20.148038864135742
1862,19.051551818847656
1863,19.87147331237793
1864,19.780874252319336
1865,19.376039505004883
1866,20.092487335205078
1867,16.632795333862305
1868,19.830942153930664
1869,20.725011825561523
1870,20.096540451049805
1871,25.783061981201172
1872,20.226240158081055
1873,30.541658401489258
1874,24.14703369140625
1875,23.424148559570312
1876,19.081592559814453
1877,19.3941593170166
1878,23.12302589416504
1879,33.1578254699707
1880,22.052288055419922
1881,17.066001892089844
1882,20.113706588745117
1883,20.067691802978516
1884,20.72286605834961
1885,20.5843448638916
1886,23.135900497436523
1887,22.05967903137207
1888,20.16139030456543
1889,20.127058029174805
1890,18.17607879638672
1891,21.82936668395996
1892,18.765687942504883
1893,29.830455780029297
1894,23.206233978271484
1895,19.05536651611328
1896,19.104957580566406
1897,21.267414093017578
1898,30.181407928466797
1899,18.271923065185547
1900,20.107030868530273
1901,19.224166870117188
1902,23.587703704833984
1903,21.15917205810547
1904,18.18251609802246
1905,21.07858657836914
1906,19.463539123535156
1907,18.546342849731445
1908,18.311023712158203
1909,18.056869506835938
1910,21.30270004272461
1911,19.26898956298828
1912,18.059253692626953
1913,21.879911422729492
1914,18.24641227722168
1915,20.40886878967285
1916,19.01102066040039
1917,19.177913665771484
1918,20.232439041137695
1919,27.679920196533203
1920,20.81465721130371
1921,20.071029663085938
1922,21.790266036987305
1923,21.054506301879883
1924,17.258167266845703
1925,21.341562271118164
1926,17.319679260253906
1927,18.006086349487305
1928,18.38517189025879
1929,21.928071975708008
1930,18.583059310913086
1931,19.017457962036133
1932,18.021345138549805
1933,19.16050910949707
1934,26.056766510009766
1935,21.564483642578125
1936,27.690410614013672
1937,18.09549331665039
1938,18.695831298828125
1939,18.767118453979492
1940,20.629405975341797
1941,18.390893936157227
1942,20.777463912963867
1943,18.19300651550293
1944,28.063058853149414
1945,30.583620071411133
1946,23.935317993164062
1947,29.561996459960938
1948,23.264646530151367
1949,18.24498176574707
1950,25.26235580444336
1951,24.76811408996582
1952,19.784927368164062
1953,21.245956420898438
1954,35.88366508483887
1955,29.093027114868164
1956,30.31158447265625
1957,27.37903594970703
1958,31.372785568237305
1959,25.539398193359375
1960,25.610685348510742
1961,36.56268119812012
1962,24.05571937561035
1963,21.753549575805664
1964,40.10176658630371
1965,29.468297958374023
1966,23.242950439453125
1967,28.075456619262695
1968,32.64021873474121
1969,17.57526397705078
1970,32.291412353515625
1971,22.534847259521484
1972,25.509357452392578
1973,18.24808120727539
1974,23.4220027923584
1975,25.44379234313965
1976,24.069786071777344
1977,34.25860404968262
1978,24.727821350097656
1979,24.551868438720703
1980,24.49512481689453
1981,23.005008697509766
1982,26.92246437072754
1983,21.667003631591797
1984,24.084806442260742
1985,24.544954299926758
1986,24.927616119384766
1987,26.163101196289062
1988,47.781944274902344
1989,23.892879486083984
1990,22.02892303466797
1991,20.210981369018555
1992,27.094125747680664
1993,23.884296417236328
1994,27.363300323486328
1995,22.21369743347168
1996,35.63690185546875
1997,26.500225067138672
1998,25.17843246459961
1999,26.636123657226562
2000,29.084444046020508
2001,27.627944946289062
2002,22.495508193969727
2003,30.609607696533203
2004,26.530981063842773
2005,30.71284294128418
2006,21.11196517944336
2007,23.061513900756836
2008,26.759862899780273
2009,20.3857421875
2010,19.8667049407959
2011,25.72464942932129
2012,29.082059860229492
2013,33.824920654296875
2014,29.33359146118164
2015,22.619247436523438
2016,26.816129684448242
2017,28.853893280029297
2018,25.168895721435547
2019,25.393009185791016
2020,36.33451461791992
2021,31.685590744018555
2022,26.157855987548828
2023,26.2296199798584
2024,22.022485733032227
2025,21.568775177001953
2026,21.269798278808594
2027,20.368337631225586
2028,23.94843101501465
2029,34.89112854003906
2030,21.561861038208008
2031,22.98140525817871
2032,21.038532257080078
2033,27.579784393310547
2034,21.3620662689209
2035,46.96297645568848
2036,32.54365921020508
2037,23.21338653564453
2038,21.87371253967285
2039,21.03734016418457
2040,24.914026260375977
2041,21.570444107055664
2042,21.09694480895996
2043,23.98395538330078
2044,21.35300636291504
2045,25.31909942626953
2046,25.739192962646484
2047,24.25527572631836
2048,22.82547950744629
2049,42.15836524963379
2050,44.28839683532715
2051,23.9713191986084
2052,29.118061065673828
2053,31.54444694519043
2054,25.656938552856445
2055,37.07575798034668
2056,24.680376052856445
2057,24.82151985168457
2058,24.423599243164062
2059,22.32837677001953
2060,19.064903259277344
2061,23.1783390045166
2062,23.82802963256836
2063,22.032976150512695
2064,27.69160270690918
2065,20.60985565185547
2066,20.962238311767578
2067,31.502723693847656
2068,41.62001609802246
2069,31.034469604492188
2070,25.540828704833984
2071,40.11273384094238
2072,46.19741439819336
2073,19.73247528076172
2074,27.553558349609375
2075,32.17363357543945
2076,24.556636810302734
2077,19.034862518310547
2078,21.881580352783203
2079,27.538299560546875
2080,25.647640228271484
2081,21.086931228637695
2082,20.02716064453125
2083,19.603729248046875
2084,32.80901908874512
2085,23.753881454467773
2086,23.923873901367188
2087,35.665035247802734
2088,25.58612823486328
2089,26.009082794189453
2090,19.288301467895508
2091,23.824691772460938
2092,20.600557327270508
2093,22.21965789794922
2094,25.261402130126953
2095,25.005102157592773
2096,24.048566818237305
2097,24.081707000732422
2098,21.08311653137207
2099,28.411388397216797
2100,37.615060806274414
2101,20.234107971191406
2102,21.03257179260254
2103,20.172595977783203
2104,19.037961959838867
2105,21.92831039428711
2106,25.104761123657227
2107,27.009963989257812
2108,25.249004364013672
2109,29.485702514648438
2110,23.836135864257812
2111,25.0551700592041
2112,34.38162803649902
2113,32.16743469238281
2114,21.039962768554688
2115,25.121212005615234
2116,24.87802505493164
2117,22.215604782104492
2118,23.163318634033203
2119,22.178173065185547
2120,20.032644271850586
2121,21.042585372924805
2122,23.78988265991211
2123,22.066831588745117
2124,20.548582077026367
2125,19.8972225189209
2126,21.05093002319336
2127,20.432710647583008
2128,19.216299057006836
2129,21.770238876342773
2130,21.019935607910156
2131,19.002437591552734
2132,20.051002502441406
2133,22.620201110839844
2134,23.82516860961914
2135,27.588367462158203
2136,26.0465145111084
2137,19.76156234741211
2138,21.82602882385254
2139,37.37187385559082
2140,36.59415245056152
2141,32.861948013305664
2142,21.0421085357666
2143,19.202232360839844
2144,20.24555206298828
2145,21.54374122619629
2146,27.79412269592285
2147,26.882648468017578
2148,22.124290466308594
2149,29.615402221679688
2150,34.48486328125
2151,22.99666404724121
2152,33.81538391113281
2153,22.972583770751953
2154,26.142120361328125
2155,24.57737922668457
2156,21.813631057739258
2157,23.016691207885742
2158,21.697044372558594
2159,22.731304168701172
2160,23.223400115966797
2161,20.11704444885254
2162,38.455963134765625
2163,30.668020248413086
2164,27.103185653686523
2165,24.707555770874023
2166,24.72233772277832
2167,21.58975601196289
2168,27.15158462524414
2169,35.37392616271973
2170,27.287960052490234
2171,25.45166015625
2172,22.181272506713867
2173,23.199081420898438
2174,22.080183029174805
2175,28.67603302001953
2176,22.87745475769043
2177,21.070241928100586
2178,22.874832153320312
2179,22.111892700195312
2180,20.02573013305664
2181,22.0639705657959
2182,28.166532516479492
2183,24.236679077148438
2184,36.553144454956055
2185,27.611494064331055
2186,30.830860137939453
2187,22.912979125976562
2188,21.24476432800293
2189,22.22895622253418
2190,23.528337478637695
2191,27.65655517578125
2192,20.411014556884766
2193,20.2789306640625
2194,19.03557777404785
2195,25.126218795776367
2196,22.248268127441406
2197,24.10149574279785
2198,27.4503231048584
2199,23.24843406677246
2200,20.28059959411621
2201,23.290395736694336
2202,22.281885147094727
2203,30.2889347076416
2204,20.148754119873047
2205,20.21956443786621
2206,24.312973022460938
2207,22.08113670349121
2208,25.995492935180664
2209,36.56291961669922
2210,21.32129669189453
2211,31.241655349731445
2212,23.71072769165039
2213,23.333311080932617
2214,33.12349319458008
2215,23.55194091796875
2216,24.27816390991211
2217,24.08766746520996
2218,20.955562591552734
2219,23.583650588989258
2220,24.04165267944336
2221,24.767398834228516
2222,22.27163314819336
2223,22.08685874938965
2224,25.027036666870117
2225,24.64437484741211
2226,26.36122703552246
2227,24.642229080200195
2228,25.057077407836914
2229,27.66704559326172
2230,23.593425750732422
2231,21.040678024291992
2232,20.235538482666016
2233,24.049997329711914
2234,23.18263053894043
2235,21.643877029418945
2236,22.19104766845703
2237,34.67416763305664
2238,22.798538208007812
2239,22.14980125427246
2240,32.065391540527344
2241,25.105714797973633
2242,21.06785774230957
2243,23.1935977935791
2244,24.89781379699707
2245,23.329496383666992
2246,21.045446395874023
2247,26.337146759033203
2248,20.157814025878906
2249,26.06654167175293
2250,26.534557342529297
2251,45.041799545288086
2252,44.284820556640625
2253,34.45744514465332
2254,26.599884033203125
2255,23.283720016479492
2256,20.43771743774414
2257,21.039962768554688
2258,23.027420043945312
2259,22.650718688964844
2260,22.0797061920166
2261,23.266315460205078
2262,31.744718551635742
2263,22.763729095458984
2264,36.53573989868164
2265,22.36771583557129
2266,21.270036697387695
2267,21.575927734375
2268,19.043684005737305
2269,35.54844856262207
2270,23.01764488220215
2271,20.307540893554688
2272,20.910263061523438
2273,26.601076126098633
2274,22.923707962036133
2275,23.17976951599121
2276,25.82836151123047
2277,21.14558219909668
2278,32.659292221069336
2279,30.54356575012207
2280,23.021459579467773
2281,21.935224533081055
2282,21.308183670043945
2283,24.512767791748047
2284,20.058631896972656
2285,24.923086166381836
2286,24.174928665161133
2287,21.016597747802734
2288,23.505449295043945
2289,24.827241897583008
2290,22.233009338378906
2291,27.869224548339844
2292,24.085521697998047
2293,35.340070724487305
2294,24.841785430908203
2295,19.574880599975586
2296,20.253658294677734
2297,33.959388732910156
2298,27.858734130859375
2299,21.82769775390625
2300,23.63300323486328
2301,28.60093116760254
2302,24.54400062561035
2303,23.229360580444336
2304,21.155834197998047
2305,22.887706756591797
2306,22.278308868408203
2307,20.347118377685547
2308,38.392066955566406
2309,24.290084838867188
2310,40.5278205871582
2311,20.022869110107422
2312,27.823448181152344
2313,22.34482765197754
2314,24.478673934936523
2315,28.520822525024414
2316,25.57516098022461
2317,21.74997329711914
2318,22.82404899597168
2319,19.049644470214844
2320,22.884368896484375
2321,23.88143539428711
2322,22.491455078125
2323,24.289369583129883
2324,40.21930694580078
2325,51.767587661743164
2326,48.19965362548828
2327,67.74783134460449
2328,26.790857315063477
2329,28.131484985351562
2330,27.449607849121094
2331,23.799419403076172
2332,30.733823776245117
2333,34.386634826660156
2334,42.94323921203613
2335,20.89214324951172
2336,21.590471267700195
2337,37.1251106262207
2338,24.068593978881836
2339,21.69060707092285
2340,26.063203811645508
2341,29.13069725036621
2342,33.84065628051758
2343,22.030353546142578
2344,34.050941467285156
2345,22.207975387573242
2346,23.633718490600586
2347,31.578540802001953
2348,21.247148513793945
2349,22.22442626953125
2350,22.760868072509766
2351,25.168895721435547
2352,22.73845672607422
2353,25.951623916625977
2354,22.271156311035156
2355,25.202035903930664
2356,22.8729248046875
2357,25.713443756103516
2358,21.761417388916016
2359,22.732257843017578
2360,33.1113338470459
2361,28.64813804626465
2362,20.285606384277344
2363,24.1243839263916
2364,25.673866271972656
2365,23.647069931030273
2366,36.41033172607422
2367,24.56378936767578
2368,29.760122299194336
2369,21.0568904876709
2370,25.75993537902832
2371,26.057004928588867
2372,23.696184158325195
2373,24.878978729248047
2374,34.45243835449219
2375,29.348373413085938
2376,19.968271255493164
2377,33.83493423461914
2378,28.95641326904297
2379,24.565696716308594
2380,24.69778060913086
2381,26.340484619140625
2382,28.654813766479492
2383,26.001691818237305
2384,33.10680389404297
2385,22.21059799194336
2386,25.59971809387207
2387,24.027347564697266
2388,25.28071403503418
2389,23.86331558227539
2390,28.708457946777344
2391,28.974533081054688
2392,32.09805488586426
2393,30.54332733154297
2394,24.03092384338379
2395,26.536941528320312
2396,25.83003044128418
2397,26.1991024017334
2398,23.064136505126953
2399,21.553754806518555
2400,26.538372039794922
2401,23.277997970581055
2402,25.815248489379883
2403,22.064208984375
2404,33.26082229614258
2405,42.79661178588867
2406,26.08656883239746
2407,23.26798439025879
2408,27.676820755004883
2409,25.502681732177734
2410,63.170671463012695
2411,29.54721450805664
2412,25.563955307006836
2413,26.04508399963379
2414,57.53326416015625
2415,54.80527877807617
2416,27.218341827392578
2417,35.559892654418945
2418,74.58710670471191
2419,28.11574935913086
2420,28.671979904174805
2421,28.801679611206055
2422,34.03282165527344
2423,31.514644622802734
2424,29.77156639099121
2425,27.480125427246094
2426,43.298959732055664
2427,33.429622650146484
2428,27.042150497436523
2429,28.61309051513672
2430,28.18441390991211
2431,25.482177734375
2432,54.62956428527832
2433,31.583309173583984
2434,24.971723556518555
2435,24.66607093811035
2436,34.04998779296875
2437,24.856090545654297
2438,30.050992965698242
2439,31.443357467651367
2440,22.68695831298828
2441,26.662349700927734
2442,25.769710540771484
2443,25.890827178955078
2444,31.94451332092285
2445,24.559497833251953
2446,33.499956130981445
2447,26.738643646240234
2448,25.5582332611084
2449,33.32042694091797
2450,47.07622528076172
2451,28.278589248657227
2452,23.833036422729492
2453,24.962425231933594
2454,23.2391357421875
2455,25.41351318359375
2456,25.618791580200195
2457,25.19702911376953
2458,25.611162185668945
2459,24.621963500976562
2460,29.56366539001465
2461,23.956775665283203
2462,23.992300033569336
2463,23.365497589111328
2464,25.73370933532715
2465,28.432130813598633
2466,22.680044174194336
2467,27.445316314697266
2468,37.041664123535156
2469,26.864051818847656
2470,26.03769302368164
2471,74.70321655273438
2472,26.589393615722656
2473,29.134035110473633
2474,29.401302337646484
2475,30.768632888793945
2476,26.346206665039062
2477,24.06144142150879
2478,25.427579879760742
2479,24.083614349365234
2480,26.045799255371094
2481,27.15754508972168
2482,24.715423583984375
2483,26.015281677246094
2484,26.025772094726562
2485,26.31545066833496
2486,26.535987854003906
2487,24.409770965576172
2488,24.933338165283203
2489,24.005889892578125
2490,25.094032287597656
2491,24.950027465820312
2492,26.214122772216797
2493,26.738882064819336
2494,29.172420501708984
2495,38.204193115234375
2496,28.116941452026367
2497,40.677785873413086
2498,24.286508560180664
2499,27.06766128540039
2500,35.895347595214844
2501,23.089170455932617
2502,24.0933895111084
2503,27.883529663085938
2504,29.36530113220215
